question,answer
what is the theme of the 2024 World Economic Outlook report, Steady but Slow: Resilience amid Divergence
what does the IMF identify as a primary driver of global economic resilience, Increased government spending and household consumption
what is the global growth projection for 2024 and 2025, 3.2 percent for both 2024 and 2025
what significant factor has contributed to the decline in global inflation, A reduction in energy prices
how does the report describe the global inflation trend, Global inflation is falling while output steadily grows
what is the expected trend for global headline inflation in the coming years, Global headline inflation will fall from 6.8 percent in 2023 to 5.9 percent in 2024 and 4.5 percent in 2025
what is the expected impact of central banks pivoting toward policy easing, Easing is expected to weigh on growth through higher taxes and lower government spending
what changes in labor markets are highlighted in the report, Rising labor force participation and increased foreign-born labor in advanced economies
what key drivers contributed to global GDP growth in 2022 and 2023, Strong private consumption, household savings, and larger-than-expected government spending
what role does global energy supply play in inflation trends, Increased energy supply contributed to lowering energy prices and inflation
how has the rapid rise in central bank policy rates impacted government debt, Increased interest payments on debt have raised debt burdens across economies
what are the main factors currently weighing down medium-term growth, Persistent structural frictions, geoeconomic fragmentation, and weak productivity growth
what does the IMF estimate as the gap between potential and actual output in 2023 for the United States, A positive gap of 0.7 percent between potential and actual output
what kind of fiscal adjustments are expected to occur across economies, Governments are tightening fiscal policies through higher taxes and lower spending to curb debt growth
how is the global labor market characterized in this report, Strong labor markets with steady employment and incomes amidst disinflation trends
what has been the impact of geopolitical tensions on global energy prices, Geopolitical tensions have led to increased volatility in global energy prices, affecting global supply
what are some of the key drivers of the recent fall in headline inflation, Declining energy prices, easing supply-chain frictions, and increased labor participation
how have mortgage market characteristics influenced policy rate impact, Fixed-rate mortgages and longer maturities have muted the near-term effects of policy rate hikes on consumption
what are the key drivers of monetary policy pass-through to inflation, Inflation expectations, labor market conditions, and pass-through from energy prices
what are the major risks highlighted in the World Economic Outlook report, New geopolitical tensions, persistent core inflation, and high government debt leading to rapid fiscal adjustments
what has been the trend in global financial conditions since October 2023, Financial conditions have eased due to market expectations of lower interest rates and central bank policy easing
what role did pandemic-era household savings play in maintaining private consumption, Households in major advanced economies used accumulated savings to sustain consumption despite rising interest rates
how does the World Economic Outlook describe the divergence between advanced and emerging economies, Emerging market economies show stronger growth potential while lower-income developing countries face persistent challenges
how did tighter monetary policies affect global energy prices, Coordinated monetary tightening helped reduce global energy demand, leading to a decline in energy prices
what challenges are associated with government debt according to the report, Higher debt levels have resulted in larger interest payments, reducing fiscal space for investment and development
what is the expected impact of fiscal consolidation on global growth, Fiscal consolidation is likely to reduce growth as higher taxes and reduced spending weigh on economic activity
what changes in interest rates have central banks implemented to counter rising inflation, Central banks raised policy rates to restrictive levels, increasing mortgage costs and tightening credit availability
how have geopolitical tensions influenced global trade patterns, Geopolitical tensions and conflicts have disrupted global supply chains, increasing trade costs and shifting trade routes
what are some key drivers of real GDP growth identified by the IMF, Private consumption, government spending, and improved supply chains were primary contributors to recent GDP growth
how has wage growth been affected in advanced economies, Nominal wage growth remained relatively contained, resulting in slight decreases or stabilization of real wages
what are some factors contributing to the cooling of labor markets, Rising unemployment rates and a decreasing vacancy-to-unemployment ratio indicate a cooling of labor markets
how have commercial real estate markets responded to policy tightening, Commercial real estate markets experienced pressure, with rising defaults, reduced investment, and lower property valuations
what is a significant feature of the report’s analysis of monetary policy transmission, The report highlights the varying impact of monetary policy on housing and consumption across different countries
how does the IMF suggest governments should address growing fiscal challenges, Governments should focus on credible, growth-oriented fiscal consolidation to ensure debt sustainability and rebuild fiscal buffers
what are some long-term effects of Russia’s invasion of Ukraine and the COVID-19 pandemic, Weaker productivity growth, increased geopolitical fragmentation, and reduced global trade are some lasting effects
what impact could AI and structural reforms have on global productivity, Improved productivity could arise from AI advancements and stronger structural reforms, leading to enhanced economic growth
what has been the performance of emerging market economies compared to advanced economies, Emerging markets generally exhibited stronger growth than advanced economies due to favorable demand and supply trends
how does the report characterize the effect of inflation on lower-income developing countries, Inflation disproportionately affected these countries, leading to slower growth due to greater pass-through of price shocks
how did policy rate hikes impact real estate prices in emerging markets, Policy rate hikes resulted in falling residential and commercial real estate prices, contributing to rising defaults
how does geoeconomic fragmentation threaten the global economy, Rising barriers to trade, capital, and labor flow could reduce global economic growth by limiting supply-side expansion
what is the expected path of inflation in emerging market and developing economies, Inflation is expected to fall more slowly in emerging market economies than in advanced economies
what challenges does China’s economy face due to the property sector downturn, The downturn could lead to subdued domestic demand and rising external surpluses, increasing global trade tensions
what does the IMF predict about the global economy’s ability to converge to pre-pandemic growth levels, Structural frictions and weak productivity growth could prevent the global economy from fully reaching pre-pandemic growth rates
how does the IMF expect fiscal consolidation to impact inflation targets, Fiscal consolidation should help central banks align inflation with targets by reducing demand through higher taxes and lower spending
what has been the impact of labor market tightness on inflation trends, Tight labor markets contributed to upward wage pressures, particularly in services, keeping core inflation stubbornly high
what are some challenges faced by low-income developing countries, Persistent inflation, declining growth, high public debt, and limited access to capital markets are key challenges
how did global supply-chain issues influence the economic outlook, Resolved supply-chain disruptions improved production and delivery times, supporting steady growth and reducing inflationary pressures
how are real interest rates expected to trend in major economies, Real interest rates are expected to remain high, particularly in advanced economies, until inflation is closer to targets
what has been the impact of rising interest rates on emerging markets, Rising interest rates tightened global financial conditions, leading to increased borrowing costs and challenges for emerging markets
what types of reforms are recommended to improve global economic convergence, Structural reforms enhancing labor mobility, reducing capital misallocation, and promoting trade openness can aid global economic convergence
how are major geopolitical conflicts shaping global economic risks, Conflicts like the war in Ukraine and the conflict in Gaza and Israel are increasing energy prices and supply chain disruptions
what role have fiscal and monetary policies played in shaping recent economic performance, Expansionary fiscal policies and monetary tightening have jointly influenced inflation, interest rates, and economic activity
what is a major challenge for governments aiming to implement fiscal consolidation, Fiscal consolidation is challenging because it often requires unpopular spending cuts and higher taxes that risk undermining support for reforms
how has business investment been affected by current monetary policies, Business investment, particularly in interest-rate-sensitive sectors, has declined due to higher borrowing costs
how does artificial intelligence present both opportunities and challenges for the global economy, AI has the potential to boost productivity but may disrupt labor markets and create new risks
what is the IMF’s projection for global trade in the medium term, Global trade is expected to remain broadly stable as growth and inflation return to more sustainable levels
how does geoeconomic fragmentation affect global investment flows, Geoeconomic fragmentation leads to increased protectionism, reducing cross-border investment flows and limiting global capital markets
what are some factors that could accelerate the convergence of emerging markets toward higher income levels, Enhanced education, improved infrastructure, and greater foreign investment can accelerate economic convergence
what are the potential impacts of continued monetary tightening on global financial stability, Continued tightening may increase defaults, reduce credit availability, and raise the risk of financial market stress
what is the IMF’s recommendation for central banks to ensure a soft landing, Central banks should balance policy easing carefully to avoid both premature easing and prolonged tightness
how does the report address the role of sovereign debt ratings for emerging markets, High debt ratings are crucial for emerging markets to maintain access to global capital markets and attract foreign investment
what sectors are most vulnerable to monetary policy tightening, Sectors with high leverage, such as real estate and finance, are particularly vulnerable to higher interest rates
how has the current geopolitical environment affected global fiscal priorities, Governments have increased defense spending and energy security investments, altering traditional fiscal priorities
what does the IMF emphasize about structural barriers to labor market participation, Structural barriers, such as gender inequality and skills mismatches, must be addressed to boost productivity and growth
what strategies are recommended to enhance global fiscal sustainability, Adopting comprehensive tax reform, improving public financial management, and targeting growth-enhancing spending can improve fiscal sustainability
how can multilateral cooperation mitigate global economic risks, Cooperation can address climate change, improve debt restructuring, and reduce barriers to trade and investment
how is high inflation impacting real incomes in advanced economies, High inflation has resulted in stagnant or declining real incomes due to contained nominal wage growth
how has global geopolitical fragmentation contributed to shifts in supply chains, Fragmentation has led to reshoring and diversification of supply chains, affecting global trade patterns and production costs
how are global financial conditions expected to change with lower policy rates, Financial conditions are expected to ease as central banks gradually lower policy rates, improving borrowing conditions
what factors could affect the pace of global disinflation in the medium term, Persistent core inflation, geopolitical tensions, and slow adjustments in labor markets could slow disinflation
what is the potential impact of energy supply disruptions on global economies, Energy supply disruptions can increase inflation, reduce productivity, and negatively affect growth, particularly in energy-dependent economies
how can low-income developing countries improve economic resilience, Structural reforms that enhance human capital, diversify economies, and improve access to finance can strengthen resilience
what role does labor force participation play in boosting global productivity, Higher participation expands the labor pool, improving productivity by optimizing resource allocation and boosting output
what is the IMF’s view on the importance of maintaining anchored inflation expectations, Anchored inflation expectations are essential to prevent a wage-price spiral and stabilize economies during inflation shocks
how does labor market flexibility influence the impact of monetary tightening, Flexible labor markets allow for quicker adjustments in employment and wages, reducing the negative impact of tightening
what are some potential global benefits of successfully managing disinflation, Successful disinflation can stabilize financial markets, increase investment, and create sustainable growth opportunities worldwide
what measures can governments take to reduce their debt burdens effectively, Governments should prioritize fiscal reforms, reduce wasteful spending, and improve debt management strategies to ensure sustainability
what economic sectors are expected to remain strong amid monetary policy changes, Technology, healthcare, and renewable energy sectors are expected to maintain robust growth amid policy shifts
how has rising public debt influenced long-term fiscal planning, Higher debt has necessitated tighter fiscal policies, making governments more cautious about long-term budgetary commitments
what risks do commercial real estate markets pose to financial stability, High leverage in commercial real estate can lead to rising defaults, increased risk of asset bubbles, and potential financial instability
how can AI be integrated responsibly to support global productivity growth, AI should be integrated with clear guidelines, investment in workforce skills, and collaboration among governments and companies
what does the IMF recommend for countries experiencing high core inflation, Such countries should continue restrictive monetary policies until core inflation aligns with long-term targets
what is the potential global economic impact of unresolved geopolitical conflicts, Conflicts could disrupt trade, reduce global investment flows, and increase uncertainty in global markets
how have changing mortgage market structures affected the global economy, Fixed-rate mortgages and longer maturities have moderated the immediate effects of rising policy rates on household spending
what measures are governments adopting to mitigate supply chain disruptions, Governments are diversifying trade partners, improving infrastructure, and investing in technology to strengthen supply chains
what are the IMF’s recommendations for fostering economic stability in emerging markets, The IMF advises improved governance, diversified economies, and sustainable debt management practices for emerging markets
how could a sudden financial market downturn impact global growth prospects, A downturn could lead to declining investments, reduced consumer spending, and increased unemployment, affecting growth
how does political instability influence fiscal policies and economic outcomes, Political instability can lead to unpredictable fiscal policies, reducing investor confidence and undermining economic growth
what global challenges necessitate greater multilateral cooperation in 2024, Climate change, debt restructuring, and reducing geopolitical fragmentation are challenges requiring international collaboration
how is high inflation impacting real incomes in advanced economies, High inflation has eroded the purchasing power of wages, leading to stagnant or declining real incomes as nominal wage growth remains limited. This has forced households to adjust their consumption patterns, prioritizing essential goods while cutting back on discretionary spending, which may impact economic growth over time.
how has global geopolitical fragmentation contributed to shifts in supply chains, Geopolitical fragmentation has prompted businesses to reassess supply chain risks, leading to the reshoring or nearshoring of production and diversification of supply sources to minimize exposure. This shift is redefining global trade patterns, increasing production costs, and potentially leading to higher consumer prices as supply chains recalibrate toward greater resilience.
how are global financial conditions expected to change with lower policy rates, As central banks gradually lower policy rates in response to easing inflation, global financial conditions are likely to improve, leading to better borrowing terms and increased lending activity. However, easing rates must be managed carefully to prevent overheating asset markets, which could lead to financial bubbles and future instability.
what factors could affect the pace of global disinflation in the medium term, Persistent core inflation, ongoing geopolitical tensions, and labor market rigidities could slow the pace of global disinflation. In particular, tight labor markets and wage growth in key service sectors could keep inflation elevated, while geopolitical disruptions could exacerbate supply constraints, undermining efforts to stabilize prices.
what is the potential impact of energy supply disruptions on global economies, Energy supply disruptions can lead to significant inflationary pressures, reduce productivity due to higher operational costs, and adversely affect growth, especially in energy-dependent economies. A sustained disruption can destabilize global energy markets, prompt shifts in trade balances, and exacerbate geopolitical tensions as countries compete for limited resources.
how can low-income developing countries improve economic resilience, Low-income developing countries can bolster economic resilience by diversifying their economies away from reliance on a few commodities, improving human capital through education and healthcare investments, and enhancing financial inclusion to empower marginalized communities. Strengthening governance and institutional frameworks will also ensure effective resource allocation and enable these countries to withstand external shocks.
what role does labor force participation play in boosting global productivity, Higher labor force participation brings more workers into the productive economy, enhancing productivity by efficiently reallocating resources to sectors that maximize output. In the long term, increased participation, especially among women and marginalized groups, can drive innovation and support sustainable growth while reducing economic disparities.
what is the IMF’s view on the importance of maintaining anchored inflation expectations, The IMF emphasizes that firmly anchored inflation expectations are vital to preventing wage-price spirals that could destabilize economies during inflationary shocks. Central banks should reinforce their credibility through clear communication, transparent policy frameworks, and timely interventions to ensure expectations remain consistent with long-term inflation targets.
how does labor market flexibility influence the impact of monetary tightening, Labor market flexibility allows for quicker adjustments in employment and wages, helping to mitigate the negative impact of tighter monetary policies by distributing economic shocks more evenly. Flexible markets can reduce the risk of prolonged unemployment, aid in the reallocation of workers to growing sectors, and prevent wage rigidities that could fuel inflation.
what are some potential global benefits of successfully managing disinflation, Successfully managing disinflation can stabilize financial markets, restore investor confidence, and create sustainable growth opportunities by reducing the uncertainties associated with inflation. A credible disinflationary policy can also foster investment and consumption, as stable prices promote business planning and consumer spending, ultimately reinforcing long-term economic growth.
what measures can governments take to reduce their debt burdens effectively, Governments should prioritize comprehensive fiscal reforms, such as broadening the tax base, reducing wasteful spending, and enhancing public financial management. Transparent debt management practices, coupled with pro-growth investments in education, infrastructure, and innovation, can promote sustainable debt reduction while maintaining the social safety net and public trust.
what economic sectors are expected to remain strong amid monetary policy changes, Technology, healthcare, and renewable energy are poised for continued robust growth amid monetary policy changes due to sustained demand and structural shifts toward digitalization, health innovation, and climate action. These sectors also attract significant investment due to their perceived resilience, high margins, and long-term strategic importance in the global economy.
how has rising public debt influenced long-term fiscal planning, Rising public debt has pressured governments to adopt more cautious long-term fiscal strategies, emphasizing fiscal consolidation and prioritizing essential public investments. Governments are more focused on maintaining market confidence through prudent debt management while balancing the need for social programs and infrastructure development to support long-term economic growth.
what risks do commercial real estate markets pose to financial stability, Commercial real estate markets pose risks to financial stability due to high leverage, rising defaults, and declining property values. If market corrections are abrupt, banks and investors with significant exposure to commercial properties may face losses, which could lead to tightened lending standards, reduced credit availability, and heightened stress in the broader financial system.
how can AI be integrated responsibly to support global productivity growth, Responsible AI integration requires establishing ethical frameworks that prioritize transparency, data privacy, and security while minimizing bias. Investment in workforce retraining and upskilling is crucial to prevent widespread job displacement, and collaboration between governments, businesses, and academic institutions can foster innovation that aligns AI technology with economic and social objectives.
what does the IMF recommend for countries experiencing high core inflation, The IMF recommends that countries experiencing high core inflation continue restrictive monetary policies until inflation expectations align with targets. This approach should be complemented by fiscal consolidation, structural reforms, and targeted social support to balance demand-side pressures while safeguarding vulnerable populations from the adverse effects of disinflationary measures.
what is the potential global economic impact of unresolved geopolitical conflicts, Unresolved geopolitical conflicts can disrupt global trade routes, create energy supply shocks, and increase uncertainty in financial markets, leading to diminished investor confidence. Prolonged instability can also trigger higher military expenditures, which may divert resources from social and developmental projects, further hampering long-term global economic growth and cooperation.
how have changing mortgage market structures affected the global economy, Changing mortgage market structures, such as fixed-rate and longer-maturity mortgages, have moderated the immediate effects of rising policy rates on household consumption. While this has provided near-term economic stability, it could also delay the full transmission of tighter monetary policies, potentially increasing the risk of sudden adjustments when mortgages reset.
what measures are governments adopting to mitigate supply chain disruptions, Governments are diversifying trade partners, investing in domestic manufacturing, and adopting new technologies to strengthen supply chain resilience. They are also entering strategic partnerships to secure critical resources, improving logistics infrastructure to reduce bottlenecks, and implementing policies that encourage inventory stockpiling and data sharing across supply networks.
what are the IMF’s recommendations for fostering economic stability in emerging markets, The IMF advises emerging markets to improve governance, diversify economies, and manage debt sustainably. In addition, fostering inclusive growth through education, healthcare, and financial inclusion is crucial, while increasing resilience to external shocks requires flexible exchange rates, robust foreign exchange reserves, and coordinated regional and international policy frameworks.
how could a sudden financial market downturn impact global growth prospects, A sudden financial market downturn could trigger a cascade of effects, including tightening credit, reduced investment, and plummeting consumer spending, which would lead to rising unemployment and slower economic growth. Emerging markets would be particularly vulnerable as capital outflows increase, leaving them exposed to currency depreciations and potential financial instability.
how does political instability influence fiscal policies and economic outcomes, Political instability can undermine investor confidence, leading to capital flight, currency depreciation, and economic slowdown. Unpredictable fiscal policies due to changing governments or social unrest can delay crucial structural reforms, hinder effective budget planning, and exacerbate inflationary pressures, undermining prospects for long-term growth and stability.
what global challenges necessitate greater multilateral cooperation in 2024, Climate change mitigation, geopolitical conflicts, debt restructuring, and reducing trade barriers all require greater multilateral cooperation. Such collaboration can ensure coordinated policy responses, equitable resource allocation, and knowledge sharing, helping to navigate global crises and establish frameworks that promote sustainable and inclusive economic development worldwide.
what are some key metrics for evaluating fiscal and monetary policies, Key metrics for evaluating fiscal and monetary policies include the debt-to-GDP ratio, inflation expectations, employment rates, and fiscal deficits. Monitoring these indicators can provide insights into a country's macroeconomic health, helping policymakers identify imbalances, assess policy effectiveness, and adjust strategies to meet growth, stability, and sustainability objectives.
